{"cameraMode":{"drawMode":0,"name":"Shaded","section":"Shading Mode"},"sceneLighting":true,"audioPlay":false,"sceneViewState":{"m_AlwaysRefresh":false,"showFog":true,"showSkybox":true,"showFlares":true,"showImageEffects":true,"showParticleSystems":true,"showVisualEffectGraphs":true,"m_FxEnabled":true},"in2DMode":false,"pivot":{"x":1.6025012731552125,"y":1.5197830200195313,"z":-2.5887134075164797},"rotation":{"x":-0.11904603987932205,"y":0.8654875755310059,"z":-0.2451341301202774,"w":-0.4203292727470398},"size":0.6026195883750916,"orthographic":false}